AgeBin,Survived_No,Survived_Yes,Total,Perc_Survived,PC_Fmt_Surv
0-10,26,38,64,0.59375,59
11-20,71,44,115,0.382608696,38
21-30,146,84,230,0.365217391,37
31-40,86,69,155,0.44516129,45
41-50,53,33,86,0.38372093,38
51-60,25,17,42,0.404761905,40
61-70,13,4,17,0.235294118,24
71-80,4,1,5,0.2,20
